contador;userName;email;pwd
1;macario1;macario1@gmail.net;pwdmacario1
2;macario2;macario2@gmail.net;pwdmacario2
3;macario3;macario3@gmail.net;pwdmacario3
4;macario4;macario4@gmail.net;pwdmacario4
5;macario5;macario5@gmail.net;pwdmacario5
6;macario6;macario6@gmail.net;pwdmacario6
7;macario7;macario7@gmail.net;pwdmacario7
8;macario8;macario8@gmail.net;pwdmacario8
9;macario9;macario9@gmail.net;pwdmacario9
10;macario10;macario10@gmail.net;pwdmacario10
11;macario11;macario11@gmail.net;pwdmacario11
12;macario12;macario12@gmail.net;pwdmacario12
13;macario13;macario13@gmail.net;pwdmacario13
14;macario14;macario14@gmail.net;pwdmacario14
15;macario15;macario15@gmail.net;pwdmacario15
16;macario16;macario16@gmail.net;pwdmacario16
17;macario17;macario17@gmail.net;pwdmacario17
18;macario18;macario18@gmail.net;pwdmacario18
19;macario19;macario19@gmail.net;pwdmacario19
20;macario20;macario20@gmail.net;pwdmacario20
21;macario21;macario21@gmail.net;pwdmacario21
22;macario22;macario22@gmail.net;pwdmacario22
23;macario23;macario23@gmail.net;pwdmacario23
24;macario24;macario24@gmail.net;pwdmacario24
25;macario25;macario25@gmail.net;pwdmacario25
26;macario26;macario26@gmail.net;pwdmacario26
27;macario27;macario27@gmail.net;pwdmacario27
28;macario28;macario28@gmail.net;pwdmacario28
29;macario29;macario29@gmail.net;pwdmacario29
30;macario30;macario30@gmail.net;pwdmacario30
31;macario31;macario31@gmail.net;pwdmacario31
32;macario32;macario32@gmail.net;pwdmacario32
33;macario33;macario33@gmail.net;pwdmacario33
34;macario34;macario34@gmail.net;pwdmacario34
35;macario35;macario35@gmail.net;pwdmacario35
36;macario36;macario36@gmail.net;pwdmacario36
37;macario37;macario37@gmail.net;pwdmacario37
38;macario38;macario38@gmail.net;pwdmacario38
39;macario39;macario39@gmail.net;pwdmacario39
40;macario40;macario40@gmail.net;pwdmacario40
41;macario41;macario41@gmail.net;pwdmacario41
42;macario42;macario42@gmail.net;pwdmacario42
43;macario43;macario43@gmail.net;pwdmacario43
44;macario44;macario44@gmail.net;pwdmacario44
45;macario45;macario45@gmail.net;pwdmacario45
46;macario46;macario46@gmail.net;pwdmacario46
47;macario47;macario47@gmail.net;pwdmacario47
48;macario48;macario48@gmail.net;pwdmacario48
49;macario49;macario49@gmail.net;pwdmacario49
50;macario50;macario50@gmail.net;pwdmacario50
51;macario51;macario51@gmail.net;pwdmacario51
52;macario52;macario52@gmail.net;pwdmacario52
53;macario53;macario53@gmail.net;pwdmacario53
54;macario54;macario54@gmail.net;pwdmacario54
55;macario55;macario55@gmail.net;pwdmacario55
56;macario56;macario56@gmail.net;pwdmacario56
57;macario57;macario57@gmail.net;pwdmacario57
58;macario58;macario58@gmail.net;pwdmacario58
59;macario59;macario59@gmail.net;pwdmacario59
60;macario60;macario60@gmail.net;pwdmacario60
61;macario61;macario61@gmail.net;pwdmacario61
62;macario62;macario62@gmail.net;pwdmacario62
63;macario63;macario63@gmail.net;pwdmacario63
64;macario64;macario64@gmail.net;pwdmacario64
65;macario65;macario65@gmail.net;pwdmacario65
66;macario66;macario66@gmail.net;pwdmacario66
67;macario67;macario67@gmail.net;pwdmacario67
68;macario68;macario68@gmail.net;pwdmacario68
69;macario69;macario69@gmail.net;pwdmacario69
70;macario70;macario70@gmail.net;pwdmacario70
71;macario71;macario71@gmail.net;pwdmacario71
72;macario72;macario72@gmail.net;pwdmacario72
73;macario73;macario73@gmail.net;pwdmacario73
74;macario74;macario74@gmail.net;pwdmacario74
75;macario75;macario75@gmail.net;pwdmacario75
76;macario76;macario76@gmail.net;pwdmacario76
77;macario77;macario77@gmail.net;pwdmacario77
78;macario78;macario78@gmail.net;pwdmacario78
79;macario79;macario79@gmail.net;pwdmacario79
80;macario80;macario80@gmail.net;pwdmacario80
81;macario81;macario81@gmail.net;pwdmacario81
82;macario82;macario82@gmail.net;pwdmacario82
83;macario83;macario83@gmail.net;pwdmacario83
84;macario84;macario84@gmail.net;pwdmacario84
85;macario85;macario85@gmail.net;pwdmacario85
86;macario86;macario86@gmail.net;pwdmacario86
87;macario87;macario87@gmail.net;pwdmacario87
88;macario88;macario88@gmail.net;pwdmacario88
89;macario89;macario89@gmail.net;pwdmacario89
90;macario90;macario90@gmail.net;pwdmacario90
91;macario91;macario91@gmail.net;pwdmacario91
92;macario92;macario92@gmail.net;pwdmacario92
93;macario93;macario93@gmail.net;pwdmacario93
94;macario94;macario94@gmail.net;pwdmacario94
95;macario95;macario95@gmail.net;pwdmacario95
96;macario96;macario96@gmail.net;pwdmacario96
97;macario97;macario97@gmail.net;pwdmacario97
98;macario98;macario98@gmail.net;pwdmacario98
99;macario99;macario99@gmail.net;pwdmacario99
100;macario100;macario100@gmail.net;pwdmacario100