contador;name;email;pwd
1;Angel1;angel1@gmail.net;pwdangel1
2;Luis2;luis2@gmail.net;pwdluis2
3;Angel3;angel3@gmail.net;pwdangel3
4;Luis4;luis4@gmail.net;pwdluis4
5;Angel5;angel5@gmail.net;pwdangel5
6;Luis6;luis6@gmail.net;pwdluis6
7;Angel7;angel7@gmail.net;pwdangel7
8;Luis8;luis8@gmail.net;pwdluis8
9;Angel9;angel9@gmail.net;pwdangel9
10;Luis10;luis10@gmail.net;pwdluis10
11;Angel11;angel11@gmail.net;pwdangel11
12;Luis12;luis12@gmail.net;pwdluis12
13;Angel13;angel13@gmail.net;pwdangel13
14;Luis14;luis14@gmail.net;pwdluis14
15;Angel15;angel15@gmail.net;pwdangel15
16;Luis16;luis16@gmail.net;pwdluis16
17;Angel17;angel17@gmail.net;pwdangel17
18;Luis18;luis18@gmail.net;pwdluis18
19;Angel19;angel19@gmail.net;pwdangel19
20;Luis20;luis20@gmail.net;pwdluis20
21;Angel21;angel21@gmail.net;pwdangel21
22;Luis22;luis22@gmail.net;pwdluis22
23;Angel23;angel23@gmail.net;pwdangel23
24;Luis24;luis24@gmail.net;pwdluis24
25;Angel25;angel25@gmail.net;pwdangel25
26;Luis26;luis26@gmail.net;pwdluis26
27;Angel27;angel27@gmail.net;pwdangel27
28;Luis28;luis28@gmail.net;pwdluis28
29;Angel29;angel29@gmail.net;pwdangel29
30;Luis30;luis30@gmail.net;pwdluis30
31;Angel31;angel31@gmail.net;pwdangel31
32;Luis32;luis32@gmail.net;pwdluis32
33;Angel33;angel33@gmail.net;pwdangel33
34;Luis34;luis34@gmail.net;pwdluis34
35;Angel35;angel35@gmail.net;pwdangel35
36;Luis36;luis36@gmail.net;pwdluis36
37;Angel37;angel37@gmail.net;pwdangel37
38;Luis38;luis38@gmail.net;pwdluis38
39;Angel39;angel39@gmail.net;pwdangel39
40;Luis40;luis40@gmail.net;pwdluis40
41;Angel41;angel41@gmail.net;pwdangel41
42;Luis42;luis42@gmail.net;pwdluis42
43;Angel43;angel43@gmail.net;pwdangel43
44;Luis44;luis44@gmail.net;pwdluis44
45;Angel45;angel45@gmail.net;pwdangel45
46;Luis46;luis46@gmail.net;pwdluis46
47;Angel47;angel47@gmail.net;pwdangel47
48;Luis48;luis48@gmail.net;pwdluis48
49;Angel49;angel49@gmail.net;pwdangel49
50;Luis50;luis50@gmail.net;pwdluis50
51;Angel51;angel51@gmail.net;pwdangel51
52;Luis52;luis52@gmail.net;pwdluis52
53;Angel53;angel53@gmail.net;pwdangel53
54;Luis54;luis54@gmail.net;pwdluis54
55;Angel55;angel55@gmail.net;pwdangel55
56;Luis56;luis56@gmail.net;pwdluis56
57;Angel57;angel57@gmail.net;pwdangel57
58;Luis58;luis58@gmail.net;pwdluis58
59;Angel59;angel59@gmail.net;pwdangel59
60;Luis60;luis60@gmail.net;pwdluis60
61;Angel61;angel61@gmail.net;pwdangel61
62;Luis62;luis62@gmail.net;pwdluis62
63;Angel63;angel63@gmail.net;pwdangel63
64;Luis64;luis64@gmail.net;pwdluis64
65;Angel65;angel65@gmail.net;pwdangel65
66;Luis66;luis66@gmail.net;pwdluis66
67;Angel67;angel67@gmail.net;pwdangel67
68;Luis68;luis68@gmail.net;pwdluis68
69;Angel69;angel69@gmail.net;pwdangel69
70;Luis70;luis70@gmail.net;pwdluis70
71;Angel71;angel71@gmail.net;pwdangel71
72;Luis72;luis72@gmail.net;pwdluis72
73;Angel73;angel73@gmail.net;pwdangel73
74;Luis74;luis74@gmail.net;pwdluis74
75;Angel75;angel75@gmail.net;pwdangel75
76;Luis76;luis76@gmail.net;pwdluis76
77;Angel77;angel77@gmail.net;pwdangel77
78;Luis78;luis78@gmail.net;pwdluis78
79;Angel79;angel79@gmail.net;pwdangel79
80;Luis80;luis80@gmail.net;pwdluis80
